Workbook

Sheet Raw Data
A1: date | B1: department | C1: category | D1: amount | E1: vendor
A2: 2025-12-13 | B2: Engineering | C2: Travel | D2: 4775.28 | E2: DataServ
A3: 2025-11-23 | B3: Operations | C3: Office Supplies | D3: 316.38 | E3: TechCorp
A4: 2025-04-21 | B4: Sales | C4: Hardware | D4: 3584.98 | E4: CloudVend
A5: 2025-02-25 | B5: Engineering | C5: Consulting | D5: 17962.03 | E5: TravelPro
A6: 2025-01-02 | B6: Sales | C6: Software | D6: 5697.72 | E6: OfficeHub
A7: 2025-07-05 | B7: Marketing | C7: Office Supplies | D7: 291.65 | E7: DataServ
A8: 2025-03-06 | B8: Marketing | C8: Software | D8: 9485.8 | E8: DataServ
A9: 2025-04-16 | B9: Finance | C9: Hardware | D9: 3796.97 | E9: ConsultMax
A10: 2025-05-15 | B10: Sales | C10: Training | D10: 9039.63 | E10: TechCorp
A11: 2025-08-10 | B11: Finance | C11: Hardware | D11: 3645.49 | E11: CloudVend
A12: 2025-06-19 | B12: Sales | C12: Training | D12: 7057.98 | E12: DataServ
A13: 2025-08-28 | B13: Sales | C13: Hardware | D13: 6856.02 | E13: DataServ
... A81: 2025-03-03 | B81: Finance | C81: Training | D81: 5540.75 | E81: CloudVend

Sheet Summary
A1: department | B1: category | C1: total_amount | D1: avg_amount | E1: transaction_count
A2: Engineering | B2: Consulting | C2: =SUMPRODUCT(('Raw Data'!B2:B81=A2)*('Raw Data'!C2:C81=B2)*('Raw Data'!D2:D81)) | D2: =IF(E2>0,C2/E2,0) | E2: =SUMPRODUCT(('Raw Data'!B2:B81=A2)*('Raw Data'!C2:C81=B2)*1)
A3: Engineering | B3: Office Supplies | C3: =SUMPRODUCT(('Raw Data'!B2:B81=A3)*('Raw Data'!C2:C81=B3)*('Raw Data'!D2:D81)) | D3: =IF(E3>0,C3/E3,0) | E3: =SUMPRODUCT(('Raw Data'!B2:B81=A3)*('Raw Data'!C2:C81=B3)*1)
A4: Engineering | B4: Software | C4: =SUMPRODUCT(('Raw Data'!B2:B81=A4)*('Raw Data'!C2:C81=B4)*('Raw Data'!D2:D81)) | D4: =IF(E4>0,C4/E4,0) | E4: =SUMPRODUCT(('Raw Data'!B2:B81=A4)*('Raw Data'!C2:C81=B4)*1)
A5: Engineering | B5: Training | C5: =SUMPRODUCT(('Raw Data'!B2:B81=A5)*('Raw Data'!C2:C81=B5)*('Raw Data'!D2:D81)) | D5: =IF(E5>0,C5/E5,0) | E5: =SUMPRODUCT(('Raw Data'!B2:B81=A5)*('Raw Data'!C2:C81=B5)*1)
A6: Engineering | B6: Travel | C6: =SUMPRODUCT(('Raw Data'!B2:B81=A6)*('Raw Data'!C2:C81=B6)*('Raw Data'!D2:D81)) | D6: =IF(E6>0,C6/E6,0) | E6: =SUMPRODUCT(('Raw Data'!B2:B81=A6)*('Raw Data'!C2:C81=B6)*1)
A7: Finance | B7: Consulting | C7: =SUMPRODUCT(('Raw Data'!B2:B81=A7)*('Raw Data'!C2:C81=B7)*('Raw Data'!D2:D81)) | D7: =IF(E7>0,C7/E7,0) | E7: =SUMPRODUCT(('Raw Data'!B2:B81=A7)*('Raw Data'!C2:C81=B7)*1)
A8: Finance | B8: Hardware | C8: =SUMPRODUCT(('Raw Data'!B2:B81=A8)*('Raw Data'!C2:C81=B8)*('Raw Data'!D2:D81)) | D8: =IF(E8>0,C8/E8,0) | E8: =SUMPRODUCT(('Raw Data'!B2:B81=A8)*('Raw Data'!C2:C81=B8)*1)
A9: Finance | B9: Office Supplies | C9: =SUMPRODUCT(('Raw Data'!B2:B81=A9)*('Raw Data'!C2:C81=B9)*('Raw Data'!D2:D81)) | D9: =IF(E9>0,C9/E9,0) | E9: =SUMPRODUCT(('Raw Data'!B2:B81=A9)*('Raw Data'!C2:C81=B9)*1)
A10: Finance | B10: Training | C10: =SUMPRODUCT(('Raw Data'!B2:B81=A10)*('Raw Data'!C2:C81=B10)*('Raw Data'!D2:D81)) | D10: =IF(E10>0,C10/E10,0) | E10: =SUMPRODUCT(('Raw Data'!B2:B81=A10)*('Raw Data'!C2:C81=B10)*1)
A11: Finance | B11: Travel | C11: =SUMPRODUCT(('Raw Data'!B2:B81=A11)*('Raw Data'!C2:C81=B11)*('Raw Data'!D2:D81)) | D11: =IF(E11>0,C11/E11,0) | E11: =SUMPRODUCT(('Raw Data'!B2:B81=A11)*('Raw Data'!C2:C81=B11)*1)
A12: Marketing | B12: Consulting | C12: =SUMPRODUCT(('Raw Data'!B2:B81=A12)*('Raw Data'!C2:C81=B12)*('Raw Data'!D2:D81)) | D12: =IF(E12>0,C12/E12,0) | E12: =SUMPRODUCT(('Raw Data'!B2:B81=A12)*('Raw Data'!C2:C81=B12)*1)
A13: Marketing | B13: Hardware | C13: =SUMPRODUCT(('Raw Data'!B2:B81=A13)*('Raw Data'!C2:C81=B13)*('Raw Data'!D2:D81)) | D13: =IF(E13>0,C13/E13,0) | E13: =SUMPRODUCT(('Raw Data'!B2:B81=A13)*('Raw Data'!C2:C81=B13)*1)
A14: Marketing | B14: Office Supplies | C14: =SUMPRODUCT(('Raw Data'!B2:B81=A14)*('Raw Data'!C2:C81=B14)*('Raw Data'!D2:D81)) | D14: =IF(E14>0,C14/E14,0) | E14: =SUMPRODUCT(('Raw Data'!B2:B81=A14)*('Raw Data'!C2:C81=B14)*1)
A15: Marketing | B15: Software | C15: =SUMPRODUCT(('Raw Data'!B2:B81=A15)*('Raw Data'!C2:C81=B15)*('Raw Data'!D2:D81)) | D15: =IF(E15>0,C15/E15,0) | E15: =SUMPRODUCT(('Raw Data'!B2:B81=A15)*('Raw Data'!C2:C81=B15)*1)
A16: Marketing | B16: Training | C16: =SUMPRODUCT(('Raw Data'!B2:B81=A16)*('Raw Data'!C2:C81=B16)*('Raw Data'!D2:D81)) | D16: =IF(E16>0,C16/E16,0) | E16: =SUMPRODUCT(('Raw Data'!B2:B81=A16)*('Raw Data'!C2:C81=B16)*1)
A17: Marketing | B17: Travel | C17: =SUMPRODUCT(('Raw Data'!B2:B81=A17)*('Raw Data'!C2:C81=B17)*('Raw Data'!D2:D81)) | D17: =IF(E17>0,C17/E17,0) | E17: =SUMPRODUCT(('Raw Data'!B2:B81=A17)*('Raw Data'!C2:C81=B17)*1)
A18: Operations | B18: Consulting | C18: =SUMPRODUCT(('Raw Data'!B2:B81=A18)*('Raw Data'!C2:C81=B18)*('Raw Data'!D2:D81)) | D18: =IF(E18>0,C18/E18,0) | E18: =SUMPRODUCT(('Raw Data'!B2:B81=A18)*('Raw Data'!C2:C81=B18)*1)
A19: Operations | B19: Hardware | C19: =SUMPRODUCT(('Raw Data'!B2:B81=A19)*('Raw Data'!C2:C81=B19)*('Raw Data'!D2:D81)) | D19: =IF(E19>0,C19/E19,0) | E19: =SUMPRODUCT(('Raw Data'!B2:B81=A19)*('Raw Data'!C2:C81=B19)*1)
A20: Operations | B20: Office Supplies | C20: =SUMPRODUCT(('Raw Data'!B2:B81=A20)*('Raw Data'!C2:C81=B20)*('Raw Data'!D2:D81)) | D20: =IF(E20>0,C20/E20,0) | E20: =SUMPRODUCT(('Raw Data'!B2:B81=A20)*('Raw Data'!C2:C81=B20)*1)
A21: Operations | B21: Software | C21: =SUMPRODUCT(('Raw Data'!B2:B81=A21)*('Raw Data'!C2:C81=B21)*('Raw Data'!D2:D81)) | D21: =IF(E21>0,C21/E21,0) | E21: =SUMPRODUCT(('Raw Data'!B2:B81=A21)*('Raw Data'!C2:C81=B21)*1)
A22: Operations | B22: Training | C22: =SUMPRODUCT(('Raw Data'!B2:B81=A22)*('Raw Data'!C2:C81=B22)*('Raw Data'!D2:D81)) | D22: =IF(E22>0,C22/E22,0) | E22: =SUMPRODUCT(('Raw Data'!B2:B81=A22)*('Raw Data'!C2:C81=B22)*1)
A23: Operations | B23: Travel | C23: =SUMPRODUCT(('Raw Data'!B2:B81=A23)*('Raw Data'!C2:C81=B23)*('Raw Data'!D2:D81)) | D23: =IF(E23>0,C23/E23,0) | E23: =SUMPRODUCT(('Raw Data'!B2:B81=A23)*('Raw Data'!C2:C81=B23)*1)
A24: Sales | B24: Consulting | C24: =SUMPRODUCT(('Raw Data'!B2:B81=A24)*('Raw Data'!C2:C81=B24)*('Raw Data'!D2:D81)) | D24: =IF(E24>0,C24/E24,0) | E24: =SUMPRODUCT(('Raw Data'!B2:B81=A24)*('Raw Data'!C2:C81=B24)*1)
A25: Sales | B25: Hardware | C25: =SUMPRODUCT(('Raw Data'!B2:B81=A25)*('Raw Data'!C2:C81=B25)*('Raw Data'!D2:D81)) | D25: =IF(E25>0,C25/E25,0) | E25: =SUMPRODUCT(('Raw Data'!B2:B81=A25)*('Raw Data'!C2:C81=B25)*1)
A26: Sales | B26: Office Supplies | C26: =SUMPRODUCT(('Raw Data'!B2:B81=A26)*('Raw Data'!C2:C81=B26)*('Raw Data'!D2:D81)) | D26: =IF(E26>0,C26/E26,0) | E26: =SUMPRODUCT(('Raw Data'!B2:B81=A26)*('Raw Data'!C2:C81=B26)*1)
A27: Sales | B27: Software | C27: =SUMPRODUCT(('Raw Data'!B2:B81=A27)*('Raw Data'!C2:C81=B27)*('Raw Data'!D2:D81)) | D27: =IF(E27>0,C27/E27,0) | E27: =SUMPRODUCT(('Raw Data'!B2:B81=A27)*('Raw Data'!C2:C81=B27)*1)
A28: Sales | B28: Training | C28: =SUMPRODUCT(('Raw Data'!B2:B81=A28)*('Raw Data'!C2:C81=B28)*('Raw Data'!D2:D81)) | D28: =IF(E28>0,C28/E28,0) | E28: =SUMPRODUCT(('Raw Data'!B2:B81=A28)*('Raw Data'!C2:C81=B28)*1)
A29: Sales | B29: Travel | C29: =SUMPRODUCT(('Raw Data'!B2:B81=A29)*('Raw Data'!C2:C81=B29)*('Raw Data'!D2:D81)) | D29: =IF(E29>0,C29/E29,0) | E29: =SUMPRODUCT(('Raw Data'!B2:B81=A29)*('Raw Data'!C2:C81=B29)*1)

Sheet Monthly
A1: department | B1: 2025-01 | C1: 2025-02 | D1: 2025-03 | E1: 2025-04 | F1: 2025-05 | G1: 2025-06 | H1: 2025-07 | I1: 2025-08 | J1: 2025-09 | K1: 2025-10 | L1: 2025-11 | M1: 2025-12
A2: Engineering | B2: =SUMPRODUCT(('Raw Data'!B2:B81=A2)*(LEFT('Raw Data'!A2:A81,7)="2025-01")*('Raw Data'!D2:D81)) | C2: =SUMPRODUCT(('Raw Data'!B2:B81=A2)*(LEFT('Raw Data'!A2:A81,7)="2025-02")*('Raw Data'!D2:D81)) | D2: =SUMPRODUCT(('Raw Data'!B2:B81=A2)*(LEFT('Raw Data'!A2:A81,7)="2025-03")*('Raw Data'!D2:D81)) | E2: =SUMPRODUCT(('Raw Data'!B2:B81=A2)*(LEFT('Raw Data'!A2:A81,7)="2025-04")*('Raw Data'!D2:D81)) | F2: =SUMPRODUCT(('Raw Data'!B2:B81=A2)*(LEFT('Raw Data'!A2:A81,7)="2025-05")*('Raw Data'!D2:D81)) | G2: =SUMPRODUCT(('Raw Data'!B2:B81=A2)*(LEFT('Raw Data'!A2:A81,7)="2025-06")*('Raw Data'!D2:D81)) | H2: =SUMPRODUCT(('Raw Data'!B2:B81=A2)*(LEFT('Raw Data'!A2:A81,7)="2025-07")*('Raw Data'!D2:D81)) | I2: =SUMPRODUCT(('Raw Data'!B2:B81=A2)*(LEFT('Raw Data'!A2:A81,7)="2025-08")*('Raw Data'!D2:D81)) | J2: =SUMPRODUCT(('Raw Data'!B2:B81=A2)*(LEFT('Raw Data'!A2:A81,7)="2025-09")*('Raw Data'!D2:D81)) | K2: =SUMPRODUCT(('Raw Data'!B2:B81=A2)*(LEFT('Raw Data'!A2:A81,7)="2025-10")*('Raw Data'!D2:D81)) | L2: =SUMPRODUCT(('Raw Data'!B2:B81=A2)*(LEFT('Raw Data'!A2:A81,7)="2025-11")*('Raw Data'!D2:D81)) | M2: =SUMPRODUCT(('Raw Data'!B2:B81=A2)*(LEFT('Raw Data'!A2:A81,7)="2025-12")*('Raw Data'!D2:D81))
A3: Marketing | B3: =SUMPRODUCT(('Raw Data'!B2:B81=A3)*(LEFT('Raw Data'!A2:A81,7)="2025-01")*('Raw Data'!D2:D81)) | C3: =SUMPRODUCT(('Raw Data'!B2:B81=A3)*(LEFT('Raw Data'!A2:A81,7)="2025-02")*('Raw Data'!D2:D81)) | D3: =SUMPRODUCT(('Raw Data'!B2:B81=A3)*(LEFT('Raw Data'!A2:A81,7)="2025-03")*('Raw Data'!D2:D81)) | E3: =SUMPRODUCT(('Raw Data'!B2:B81=A3)*(LEFT('Raw Data'!A2:A81,7)="2025-04")*('Raw Data'!D2:D81)) | F3: =SUMPRODUCT(('Raw Data'!B2:B81=A3)*(LEFT('Raw Data'!A2:A81,7)="2025-05")*('Raw Data'!D2:D81)) | G3: =SUMPRODUCT(('Raw Data'!B2:B81=A3)*(LEFT('Raw Data'!A2:A81,7)="2025-06")*('Raw Data'!D2:D81)) | H3: =SUMPRODUCT(('Raw Data'!B2:B81=A3)*(LEFT('Raw Data'!A2:A81,7)="2025-07")*('Raw Data'!D2:D81)) | I3: =SUMPRODUCT(('Raw Data'!B2:B81=A3)*(LEFT('Raw Data'!A2:A81,7)="2025-08")*('Raw Data'!D2:D81)) | J3: =SUMPRODUCT(('Raw Data'!B2:B81=A3)*(LEFT('Raw Data'!A2:A81,7)="2025-09")*('Raw Data'!D2:D81)) | K3: =SUMPRODUCT(('Raw Data'!B2:B81=A3)*(LEFT('Raw Data'!A2:A81,7)="2025-10")*('Raw Data'!D2:D81)) | L3: =SUMPRODUCT(('Raw Data'!B2:B81=A3)*(LEFT('Raw Data'!A2:A81,7)="2025-11")*('Raw Data'!D2:D81)) | M3: =SUMPRODUCT(('Raw Data'!B2:B81=A3)*(LEFT('Raw Data'!A2:A81,7)="2025-12")*('Raw Data'!D2:D81))
A4: Sales | B4: =SUMPRODUCT(('Raw Data'!B2:B81=A4)*(LEFT('Raw Data'!A2:A81,7)="2025-01")*('Raw Data'!D2:D81)) | C4: =SUMPRODUCT(('Raw Data'!B2:B81=A4)*(LEFT('Raw Data'!A2:A81,7)="2025-02")*('Raw Data'!D2:D81)) | D4: =SUMPRODUCT(('Raw Data'!B2:B81=A4)*(LEFT('Raw Data'!A2:A81,7)="2025-03")*('Raw Data'!D2:D81)) | E4: =SUMPRODUCT(('Raw Data'!B2:B81=A4)*(LEFT('Raw Data'!A2:A81,7)="2025-04")*('Raw Data'!D2:D81)) | F4: =SUMPRODUCT(('Raw Data'!B2:B81=A4)*(LEFT('Raw Data'!A2:A81,7)="2025-05")*('Raw Data'!D2:D81)) | G4: =SUMPRODUCT(('Raw Data'!B2:B81=A4)*(LEFT('Raw Data'!A2:A81,7)="2025-06")*('Raw Data'!D2:D81)) | H4: =SUMPRODUCT(('Raw Data'!B2:B81=A4)*(LEFT('Raw Data'!A2:A81,7)="2025-07")*('Raw Data'!D2:D81)) | I4: =SUMPRODUCT(('Raw Data'!B2:B81=A4)*(LEFT('Raw Data'!A2:A81,7)="2025-08")*('Raw Data'!D2:D81)) | J4: =SUMPRODUCT(('Raw Data'!B2:B81=A4)*(LEFT('Raw Data'!A2:A81,7)="2025-09")*('Raw Data'!D2:D81)) | K4: =SUMPRODUCT(('Raw Data'!B2:B81=A4)*(LEFT('Raw Data'!A2:A81,7)="2025-10")*('Raw Data'!D2:D81)) | L4: =SUMPRODUCT(('Raw Data'!B2:B81=A4)*(LEFT('Raw Data'!A2:A81,7)="2025-11")*('Raw Data'!D2:D81)) | M4: =SUMPRODUCT(('Raw Data'!B2:B81=A4)*(LEFT('Raw Data'!A2:A81,7)="2025-12")*('Raw Data'!D2:D81))
A5: Operations | B5: =SUMPRODUCT(('Raw Data'!B2:B81=A5)*(LEFT('Raw Data'!A2:A81,7)="2025-01")*('Raw Data'!D2:D81)) | C5: =SUMPRODUCT(('Raw Data'!B2:B81=A5)*(LEFT('Raw Data'!A2:A81,7)="2025-02")*('Raw Data'!D2:D81)) | D5: =SUMPRODUCT(('Raw Data'!B2:B81=A5)*(LEFT('Raw Data'!A2:A81,7)="2025-03")*('Raw Data'!D2:D81)) | E5: =SUMPRODUCT(('Raw Data'!B2:B81=A5)*(LEFT('Raw Data'!A2:A81,7)="2025-04")*('Raw Data'!D2:D81)) | F5: =SUMPRODUCT(('Raw Data'!B2:B81=A5)*(LEFT('Raw Data'!A2:A81,7)="2025-05")*('Raw Data'!D2:D81)) | G5: =SUMPRODUCT(('Raw Data'!B2:B81=A5)*(LEFT('Raw Data'!A2:A81,7)="2025-06")*('Raw Data'!D2:D81)) | H5: =SUMPRODUCT(('Raw Data'!B2:B81=A5)*(LEFT('Raw Data'!A2:A81,7)="2025-07")*('Raw Data'!D2:D81)) | I5: =SUMPRODUCT(('Raw Data'!B2:B81=A5)*(LEFT('Raw Data'!A2:A81,7)="2025-08")*('Raw Data'!D2:D81)) | J5: =SUMPRODUCT(('Raw Data'!B2:B81=A5)*(LEFT('Raw Data'!A2:A81,7)="2025-09")*('Raw Data'!D2:D81)) | K5: =SUMPRODUCT(('Raw Data'!B2:B81=A5)*(LEFT('Raw Data'!A2:A81,7)="2025-10")*('Raw Data'!D2:D81)) | L5: =SUMPRODUCT(('Raw Data'!B2:B81=A5)*(LEFT('Raw Data'!A2:A81,7)="2025-11")*('Raw Data'!D2:D81)) | M5: =SUMPRODUCT(('Raw Data'!B2:B81=A5)*(LEFT('Raw Data'!A2:A81,7)="2025-12")*('Raw Data'!D2:D81))
A6: Finance | B6: =SUMPRODUCT(('Raw Data'!B2:B81=A6)*(LEFT('Raw Data'!A2:A81,7)="2025-01")*('Raw Data'!D2:D81)) | C6: =SUMPRODUCT(('Raw Data'!B2:B81=A6)*(LEFT('Raw Data'!A2:A81,7)="2025-02")*('Raw Data'!D2:D81)) | D6: =SUMPRODUCT(('Raw Data'!B2:B81=A6)*(LEFT('Raw Data'!A2:A81,7)="2025-03")*('Raw Data'!D2:D81)) | E6: =SUMPRODUCT(('Raw Data'!B2:B81=A6)*(LEFT('Raw Data'!A2:A81,7)="2025-04")*('Raw Data'!D2:D81)) | F6: =SUMPRODUCT(('Raw Data'!B2:B81=A6)*(LEFT('Raw Data'!A2:A81,7)="2025-05")*('Raw Data'!D2:D81)) | G6: =SUMPRODUCT(('Raw Data'!B2:B81=A6)*(LEFT('Raw Data'!A2:A81,7)="2025-06")*('Raw Data'!D2:D81)) | H6: =SUMPRODUCT(('Raw Data'!B2:B81=A6)*(LEFT('Raw Data'!A2:A81,7)="2025-07")*('Raw Data'!D2:D81)) | I6: =SUMPRODUCT(('Raw Data'!B2:B81=A6)*(LEFT('Raw Data'!A2:A81,7)="2025-08")*('Raw Data'!D2:D81)) | J6: =SUMPRODUCT(('Raw Data'!B2:B81=A6)*(LEFT('Raw Data'!A2:A81,7)="2025-09")*('Raw Data'!D2:D81)) | K6: =SUMPRODUCT(('Raw Data'!B2:B81=A6)*(LEFT('Raw Data'!A2:A81,7)="2025-10")*('Raw Data'!D2:D81)) | L6: =SUMPRODUCT(('Raw Data'!B2:B81=A6)*(LEFT('Raw Data'!A2:A81,7)="2025-11")*('Raw Data'!D2:D81)) | M6: =SUMPRODUCT(('Raw Data'!B2:B81=A6)*(LEFT('Raw Data'!A2:A81,7)="2025-12")*('Raw Data'!D2:D81))
